project_name,project_number,facility_name,location_address,location_county,start_date,completion_date,est_cost,work_type,fund_type,scope,sq_ft,own_name,own_address,own_phone,design_name,design_address,design_phone,project_url,tenant_name
MYDRNOW TX008,TABS2026027313,AZURE PLAZA,"26565 E University Drive, Suite 300, Aubrey, TX 76227",Denton,9/1/2026,12/1/2026,"$150,000",Renovation/Alteration,"This project is privately funded, on private land for private use.","INTERIOR TENANT IMPROVEMENT OF AN EXISTING 1,605 SF TENANT SPACE. WORK INLCUDES NEW NON-BEARING PARTITIONS, DOORS, DROP CEILINGS MILLWORK, NEW ELECTRICAL, PLUMBING AND MECHANICAL DISTRIBUTION.","1,605 ft 2",LITTLE ELM 380 PLAZA LLC,"110 Rosedale Ct., Prosper, Texas 75078",(609) 401-9382,Camber and True Collective,"2115 E Cedar Street Suite 2, Tempe, Arizona 85281",(415) 470-7122,https://www.tdlr.texas.gov/TABS/Search/Project/TABS2026027313,
Frisco 02 Fresh Initiative,TABS2026027257,HEB Frisco 02,"899 University Dr., Frisco, TX 75068",Denton,11/30/2026,12/21/2026,"$564,943",Renovation/Alteration,"This project is privately funded, on private land for private use.",Minor interior remodel ,215 ft 2,HEB Grocery Company LP,"646 S Flores St, San Antonio, Texas 78204",(956) 337-8833,Absolute Design Partners,"32600 US Hwy 281 N, Bulverde, Texas 78163",(210) 885-9338,https://www.tdlr.texas.gov/TABS/Search/Project/TABS2026027257,
Arbor creek Apartments,TABS2026027201,Building 24 Apartments 2421 & 2422,"396 E Southwest Pkwy, Lewisville, TX 75067",Denton,8/17/2026,9/28/2026,"$60,000",Renovation/Alteration,"This project is privately funded, on private land for private use.","Interior renovation of Apartments 2421 and 2422, including accessibility modifications, restroom and kitchen alterations, door and hardware modifications, plumbing, electrical, flooring, painting, and related finish work.",998 ft 2,EPC ARBOR CREEK LLC,"1200 Brickell Ave Suite 1650, Miami, Florida 33131",(469) 831-9519,,,,https://www.tdlr.texas.gov/TABS/Search/Project/TABS2026027201,
Summit Avenue Streetscape Improvements,TABS2026027160,Summit Avenue Streetscape Improvements,"N Summit Ave (Kansas City Southern RR to FM 407), Lewisville, TX 75077",Denton,10/1/2026,7/1/2027,"$536,932",Renovation/Alteration,"This project involves public funds, public land, or is a Federally funded roadway project.","Roadway modifications and pedestrian improvements along Summit Avenue from the Kansas City Southern Railroad to Justin Road (FM 407). Pedestrian facilities square footage is 33,161 SF.","33,161 ft 2",City of Lewisville,"151 W. Church Street, Lewisville, Texas 75057",(972) 219-5027,Halff,"2601 Meacham Boulevard, Ste 600, Fort Worth, Texas 76137",(817) 764-7498,https://www.tdlr.texas.gov/TABS/Search/Project/TABS2026027160,
iSmash - Highland Village,TABS2026027092,The Marketplace at Highland Village,"3090 Justin Road Suite 310, Highland Village, TX 75077",Denton,8/20/2026,11/5/2026,"$250,000",Renovation/Alteration,"This project is privately funded, on private land for private use.",Interior tenant improvements to existing lease space. No floor area will be added to existing building.,"4,648 ft 2","Core Power Highland Village, LLC","302 Datura Street Suite 100, West Palm Beach, Florida 33401",210-504-2703,"Daniels & Lovelady Arcthicture, Inc.","669 Airport Freeway Suite 101, Hurst, Texas 76053",(817) 510-6730,https://www.tdlr.texas.gov/TABS/Search/Project/TABS2026027092,Success Venturez LLC
Advantage Storage Hollyhock,TABS2026027091,Advantage Storage Hollyhock,"SE Corner of US Hwy 380 & Hollyhock Road, Frisco, TX 75033",Denton,10/1/2026,9/30/2029,"$7,700,000",New Construction,"This project is privately funded, on private land for private use.","New self-storage facility comprised of two (2) two-story and two (2) single-story buildings totaling approximately 99,988 square feet.","92,988 ft 2","Eland Energy, Inc.","16400 Dallas Parkway, Suite 100, Dallas, Texas 75248",(214) 368-6100,"David Baca Studio, LLC dba BACA","100 N Travis Street, No. 500, Sherman, Texas 75090",(903) 893-5800,https://www.tdlr.texas.gov/TABS/Search/Project/TABS2026027091,
Little Caesars,TABS2026027087,Little Caesars,"8040 Gibbs Rd, Northlake, TX 76226",Denton,9/10/2026,1/1/2027,"$850,000",Additions to Existing Building,"This project is privately funded, on private land for private use.",Little Caesars Pizza Franchise Location Renovation/Alteration 1200sf,"1,200 ft 2",Pecan Plaza Investment I LTD,"365 Miron Drive #A, Southlake, Texas 76092",(817) 416-3981,S3 Architects,"124 W Donald Dr.,, Hurst, Texas 76053",817-431-0741,https://www.tdlr.texas.gov/TABS/Search/Project/TABS2026027087,
NORTHLAKE RETAIL D,TABS2026027074,BLDG D,"FM 407 @ COTTONTAIL LN, Justin, TX 76247",Denton,12/1/2026,6/15/2027,"$1,370,000",Renovation/Alteration,"This project is privately funded, on private land for private use.",ONE STORY RETAIL SHELL ,"9,933 ft 2",ARGYLE DD 407 LLC,"13389 MARMOLADA DR., FRISCO, Texas 75035",(512) 786-9006,EAST START DESIGN LLC,"PO BOX 53, FORNEY, Texas 75126",(972) 200-7340,https://www.tdlr.texas.gov/TABS/Search/Project/TABS2026027074,
NORTHLAKE RETAIL C,TABS2026027072,BLDG C,"FM 407 @ COTTONTAIL LN, Justin, TX 76247",Denton,12/1/2026,6/15/2027,"$1,900,000",Renovation/Alteration,"This project is privately funded, on private land for private use.",2 STORY RETAIL SHELL BLDG ,"13,355 ft 2",ARGYLE DD 407 LLC,"13389 MARMOLADA DR., FRISCO, Texas 75035",(512) 786-9006,EAST STAR DESIGN LLC,"PO BOX 53, FORNEY, Texas 75126",(972) 200-7340,https://www.tdlr.texas.gov/TABS/Search/Project/TABS2026027072,
NORTHLAKE RETAIL B,TABS2026027071,BLDG B,"FM 407 @ COTTONTAIL LN, Justin, TX 76247",Denton,12/1/2026,6/15/2027,"$1,370,000",Renovation/Alteration,"This project is privately funded, on private land for private use.",ONE STORY SHELL RETAIL ,"9,933 ft 2",ARGYLE DD 407 LLC,"13389 MARMOLADA DR, FRISCO, Texas 75035",(512) 786-9006,EAST STAR DESIGN LLC,"PO BOX 53, FORNEY, Texas 75126",(972) 200-7340,https://www.tdlr.texas.gov/TABS/Search/Project/TABS2026027071,
NORTHLAKE RETAIL A,TABS2026027069,BLDG A,"FM 407 @ COTTONTAIL LN, Justin, TX 76247",Denton,12/1/2026,6/15/2027,"$1,400,000",Renovation/Alteration,"This project is privately funded, on private land for private use.",ONE STORY RETAIL SHELL ,"10,109 ft 2",ARGYLE DD 407 LLC,"13389 MARMOLADA DR, FRISCO, Texas 75035",(512) 786-9006,ESAT STAR DESIGN LLC,"PO BOX 53, FORNEY, Texas 75126",(972) 200-7340,https://www.tdlr.texas.gov/TABS/Search/Project/TABS2026027069,
Hotworx,TABS2026027017,Hotworx,"1505 W Chapman Dr Suite 300, Sanger, TX 76266",Denton,9/4/2026,12/4/2026,"$198,950",Renovation/Alteration,"This project is privately funded, on private land for private use.",Interior finish out of an existing shell space,"1,700 ft 2",Sanger Retail LTD,"4020 Maple Ave Ste 475, Dallas, Texas 75219",(214) 532-1976,,,,https://www.tdlr.texas.gov/TABS/Search/Project/TABS2026027017,Hilda Barber
IEWC TI,TABS2026026988,First Park 121 Building F,"501 Holfords Prairie Road, Lewisville, TX 75056",Denton,8/31/2026,1/29/2027,"$3,995,000",Renovation/Alteration,"This project is privately funded, on private land for private use.","Interior Finish-Out that includes offices, restrooms, training room, break room and other tenant requirements","176,000 ft 2",FR Lewisville Midway LLC,"5310 Harvest Hill Rd Ste 270, Dallas, Texas 75230",(972) 419-5715,"Alliance Architects, Inc.","1600 N Collins Blvd., Suite 1000, Richardson, Texas 75080",(972) 233-0400,https://www.tdlr.texas.gov/TABS/Search/Project/TABS2026026988,
33093 7-Eleven Rev1,TABS2026026987,Exxon Synergy,"900 TX-114, Roanoke, TX 76262",Denton,1/5/2027,1/26/2027,"$567,000",Renovation/Alteration,"This project is privately funded, on private land for private use.","Interior remodel with some new equipment, remodeled restrooms, new décor, some new cabinets, enhanced building elevation and signage, clean exterior, repair parking lot, enhance landscaping, upgrade site signage and lighting","2,940 ft 2",SEJ Asset MGMT & Investment CO,"3200 Hackberry Rd, Irving, Texas 75063",972-828-7528,,,,https://www.tdlr.texas.gov/TABS/Search/Project/TABS2026026987,
32921 7-Eleven Rev1,TABS2026026986,7-Eleven,"2101 Highway 114, Trophy Club, TX 76262",Denton,1/5/2027,1/26/2027,"$567,000",Renovation/Alteration,"This project is privately funded, on private land for private use.","Interior remodel with some new equipment, remodeled restrooms, new décor, some new cabinets, enhanced building elevation and signage, clean exterior, repair parking lot, enhance landscaping, upgrade site signage and lighting","3,200 ft 2",SEJ Asset MGMT & Investment CO,"3200 Hackberry Rd, Irving, Texas 75063",972-828-7528,,,,https://www.tdlr.texas.gov/TABS/Search/Project/TABS2026026986,
37616 7-Eleven Rev1,TABS2026026980,7-Eleven,"860 International Parkway, Flower Mound, TX 75022",Denton,12/30/2026,1/20/2027,"$567,000",Renovation/Alteration,"This project is privately funded, on private land for private use.","Interior remodel with some new equipment, remodeled restrooms, new décor, some new cabinets, enhanced building elevation and signage, clean exterior, repair parking lot, enhance landscaping, upgrade site signage and lighting","3,000 ft 2",7-Eleven Inc,"3200 Hackberry Rd, Irving, Texas 75063",972-828-7528,,,,https://www.tdlr.texas.gov/TABS/Search/Project/TABS2026026980,
25298 7-Eleven Rev1,TABS2026026963,Exxon Synergy,"1865 E Rosemeade Parkway, Carrollton, TX 75007",Denton,12/16/2026,1/6/2027,"$425,000",Renovation/Alteration,"This project is privately funded, on private land for private use.","Interior remodel with some new equipment, repaired restrooms, some new décor, upgraded building elevation, clean exterior, repair parking lot, enhance landscaping","2,585 ft 2",The Southland Corp,"3200 Hackberry Rd, Irving, Texas 75063",972-828-7528,,,,https://www.tdlr.texas.gov/TABS/Search/Project/TABS2026026963,
Mathnasium,TABS2026026956,Bates Towne Crossing,"26556 E. University Dr. Ste 220, Little Elm, TX 76227",Denton,9/15/2026,12/31/2026,"$120,000",New Construction,"This project is privately funded, on private land for private use.",Tenant finish-out for Mathnasium Tutoring Center. Bring utilities into space and provide new restroom. ,"1,527 ft 2","Bates Towne Crossing, LLC","16000 Dallas Parkway Ste 300, Dallas, Texas 75248",(214) 695-2363,"Quiet Mind Construction, Inc.","762 County Rd 4642, Trenton, Texas 75490",(214) 536-8819,https://www.tdlr.texas.gov/TABS/Search/Project/TABS2026026956,Steven Lossing
34010 7-Eleven Rev1,TABS2026026939,Exxon Synergy,"1005 E El Dorado Parkway, Little Elm, TX 75068",Denton,12/6/2026,12/27/2026,"$567,000",Renovation/Alteration,"This project is privately funded, on private land for private use.","Interior remodel with some new equipment, remodeled restrooms, new décor, some new cabinets, enhanced building elevation and signage, clean exterior, repair parking lot, enhance landscaping, upgrade site signage and lighting","2,940 ft 2",SEJ Asset MGMT & Investment CO,"3200 Hackberry Rd, Irving, Texas 75063",972-828-7528,,,,https://www.tdlr.texas.gov/TABS/Search/Project/TABS2026026939,
38113 7-Eleven Rev1,TABS2026026937,7-Eleven,"601 FM 2281, Lewisville, TX 75056",Denton,12/5/2026,12/26/2026,"$567,000",Renovation/Alteration,"This project is privately funded, on private land for private use.","Interior remodel with some new equipment, remodeled restrooms, new décor, some new cabinets, enhanced building elevation and signage, clean exterior, repair parking lot, enhance landscaping, upgrade site signage and lighting","3,083 ft 2",7-Eleven Inc,"3200 Hackberry Rd, Irving, Texas 75063",972-828-7528,,,,https://www.tdlr.texas.gov/TABS/Search/Project/TABS2026026937,
Playa Bowls Aubrey TX,TABS2026026935,Bates Towne Crossing,"26556 E. University Drive Bld. 100, Suite 110, Little Elm, TX 76227",Denton,9/15/2026,12/15/2026,"$299,000",Renovation/Alteration,"This project is privately funded, on private land for private use.",White Box Build Out to include,"1,300 ft 2","Bates Towne Crossing, LLC","16000 Dallas Pkwy Ste. 300, Dallas, Texas 75248",(214) 695-2363,Harmon Design Group,"318 E. Nakoma #202, San Antonio, Texas 78216",210-490-9995,https://www.tdlr.texas.gov/TABS/Search/Project/TABS2026026935,Megan Weis & David Buttler
37266 7-Eleven Rev1,TABS2026026928,7-Eleven,"3581 Plano Parkway, Lewisville, TX 75056",Denton,11/29/2026,12/20/2026,"$425,000",Renovation/Alteration,"This project is privately funded, on private land for private use.","Interior remodel with some new equipment, repaired restrooms, some new décor, upgraded building elevation, clean exterior, repair parking lot, enhance landscaping","3,000 ft 2",7-Eleven Inc,"3200 Hackberry Rd, Irving, Texas 75063",972-828-7528,,,,https://www.tdlr.texas.gov/TABS/Search/Project/TABS2026026928,
"Safelite - Denton, TX",TABS2026026906,"Safelite - Denton, TX","3330 E University Drive, Denton, TX 76208",Denton,9/28/2026,11/20/2026,"$275,000",Renovation/Alteration,"This project is privately funded, on private land for private use.","NEW PARTITION CONSTRUCTION, ELECTRICAL AND PLUMBING UPDATES","4,008 ft 2",Brecon Inc,"10005 Cherry Hill Ln, Providence, Texas 76227",214-629-2177,"Shremshock Architecture, Inc","7775 Walton Parkway Suite 250, New Albany, Ohio 43054",614-545-4550,https://www.tdlr.texas.gov/TABS/Search/Project/TABS2026026906,George Pack
Lewisville City Hall Annex Remodel,TABS2026026895,Lewisville City Hall Annex,"1197 W Main St, Lewisville, TX 75607",Denton,1/1/2027,9/1/2027,"$4,500,000",Renovation/Alteration,"This project involves public funds, public land, or is a Federally funded roadway project.","Interior renovation of public spaces totaling 14,500 SF (includes lobby, courtroom, court hallway, and conference center), replacement of skylights","14,500 ft 2",City of Lewisville,"151 W Church St, Lewisville, Texas 75057",(972)219-5042,GFF Design,"3030 Nowitzki Way, Suite 400, Dallas, Texas 75219",(214)543-9390,https://www.tdlr.texas.gov/TABS/Search/Project/TABS2026026895,
Freeform Chiropractic Northlake,TABS2026026843,Pecan Plaza Lot 6,"8040 Cleveland Gibbs Rd., Ste. 100, Northlake, TX 76226",Denton,9/15/2026,2/1/2027,"$300,000",Renovation/Alteration,"This project is privately funded, on private land for private use.",Interior finish-out of shell - 1760 sf,"1,760 ft 2","Pecan Plaza Investment I, LTD","365 Miron Dr., Suite A, Southlake, Texas 76092",(817) 416-3981,Covenant Architecture,"106 E Church St., Weatherford, Texas 76086",(817) 565-9826,https://www.tdlr.texas.gov/TABS/Search/Project/TABS2026026843,
35387 7-Eleven Rev1,TABS2026026829,Exxon Synergy,"2101 Long Prairie Road, Flower Mound, TX 75022",Denton,11/23/2026,12/14/2026,"$567,000",Renovation/Alteration,"This project is privately funded, on private land for private use.","Interior remodel with some new equipment, remodeled restrooms, new décor, some new cabinets, enhanced building elevation and signage, clean exterior, repair parking lot, enhance landscaping, upgrade site signage and lighting","3,200 ft 2",SEJ Asset MGMT & Investment CO,"3200 Hackberry Rd, Irving, Texas 75063",972-828-7528,,,,https://www.tdlr.texas.gov/TABS/Search/Project/TABS2026026829,
35385 7-Eleven Rev1,TABS2026026824,Exxon Synergy,"1501 West FM 407, Lewisville, TX 75077",Denton,11/23/2026,12/14/2026,"$567,000",Renovation/Alteration,"This project is privately funded, on private land for private use.","Interior remodel with some new equipment, remodeled restrooms, new décor, some new cabinets, enhanced building elevation and signage, clean exterior, repair parking lot, enhance landscaping, upgrade site signage and lighting","3,500 ft 2",7-Eleven Inc,"3200 Hackberry Rd, Irving, Texas 75063",972-828-7528,,,,https://www.tdlr.texas.gov/TABS/Search/Project/TABS2026026824,
AutoZone #11297,TABS2026026820,AutoZone,"Lot 1, Block A, North Avalon Addition Phase 1, Argyle, TX 76226",Denton,6/7/2027,12/30/2027,"$1,098,315",New Construction,"This project is privately funded, on private land for private use.","Construction of a new 7,381 s.f. auto parts retail store from the ground up.","7,381 ft 2",SASICH FAMILY PARTNERSHIP LTD,"1112 TRIPLE CROWN CT, Argyle, Texas 76226",972-460-8353,AutoZone,"123 South Front Street, Memphis, Tennessee 38103",901-495-7828,https://www.tdlr.texas.gov/TABS/Search/Project/TABS2026026820,Margaret Althoff
35383 7-Eleven Rev1,TABS2026026817,Exxon Synergy,"460 E Round Grove Rd, Lewisville, TX 75067",Denton,11/23/2026,12/14/2026,"$425,000",Renovation/Alteration,"This project is privately funded, on private land for private use.","Interior remodel with some new equipment, repaired restrooms, some new décor, upgraded bulding elevation, clean exterior, repair parking lot, enhance landscaping","3,500 ft 2",SEJ Asset MGMT & Investment CO,"3200 Hackberry Rd, Irving, Texas 75063",972-828-7528,,,,https://www.tdlr.texas.gov/TABS/Search/Project/TABS2026026817,
"Mainfreight - Northlake, TX - RC73128",TABS2026026815,Mainfreight,"17801 I-35W SERVICE ROAD, Northlake, TX 76262",Denton,9/21/2026,10/19/2026,"$463,920",Renovation/Alteration,"This project is privately funded, on private land for private use.",Adding additional racking in warehouse,"400,000 ft 2",ALLIANCE NORTHPORT ADDITION BLK A LOT 2,"30 Hudson Yards 75TH FL, New York, New York 10001",(469) 315-6203,,,,https://www.tdlr.texas.gov/TABS/Search/Project/TABS2026026815,
29404 7-Eleven Rev1,TABS2026026812,Exxon Synergy,"1001 Fox Ave, Lewisville, TX 75067",Denton,11/23/2026,12/14/2026,"$425,000",Renovation/Alteration,"This project is privately funded, on private land for private use.","Interior remodel with some new equipment, repaired restrooms, some new décor, upgraded bulding elevation, clean exterior, repair parking lot, enhance landscaping","3,248 ft 2",SEJ Asset MGMT & Investment CO,"3200 Hackberry Rd, Irving, Texas 75063",972-828-7528,,,,https://www.tdlr.texas.gov/TABS/Search/Project/TABS2026026812,
23864 7-Eleven Rev1,TABS2026026805,7-Eleven,"1302 W Main St, Lewisville, TX 75067",Denton,11/23/2026,12/14/2026,"$100,000",Renovation/Alteration,"This project is privately funded, on private land for private use.","Add some new food/beverage equipment, deep clean restrooms, minor décor refreshes, clean exterior, repair parking lot, enhance landscaping","2,640 ft 2",SEJ Asset MGMT & Investment CO,"3200 Hackberry Rd, Irving, Texas 75063",972-828-7528,,,,https://www.tdlr.texas.gov/TABS/Search/Project/TABS2026026805,
Mo' Bettahs Little Elm,TABS2026026769,Mo' Bettahs Hawaiian Style Food,"26556 E. University Drive Suite 210, Aubrey, TX 76227",Denton,11/16/2026,2/12/2027,"$500,000",New Construction,"This project is privately funded, on private land for private use.",Tenant Improvement.  Shell provided by the landlord,"2,600 ft 2",Bates Towne Crossing LLC,"16000 Dallas Parkway Suite 300, Dallas, Texas 75248",(214) 587-7213,PGAL Architecture,"65 East Wadsworth Park Drive Suite 210, Draper, Utah 84020",(801) 518-3849,https://www.tdlr.texas.gov/TABS/Search/Project/TABS2026026769,Trevor Zupon
Ontrac Logistics,TABS2026026761,Denton 35 Exchange Bldg. 2,"6901 N I35 Bldg. 2 Suite 2161, Denton, TX 76207",Denton,9/1/2026,12/1/2026,"$300,000",Additions to Existing Building,"This project is privately funded, on private land for private use.",Interior addition to portion of existing building,"126,055 ft 2",EastGroup Properties L.P.,"6565 N. MacArthur Blvd. Suite 255, Irving, Texas 75039",(972) 386-8700,Alliance Architects,"1600 N Collins Blvd Ste 1000, Richardson, Texas 75080",(832) 315-7455,https://www.tdlr.texas.gov/TABS/Search/Project/TABS2026026761,
Pecan Plaza Lot 8 Shell Building,TABS2026026759,Pecan Plaza Lot 8 Shell Building,"8080 Gibbs Road, Northlake, TX 76226",Denton,8/31/2026,5/1/2027,"$1,147,000",New Construction,"This project is privately funded, on private land for private use.",New retail shell building,"6,200 ft 2","Astra Commercial Holdings, LLC","13345 Mamolada Drive, Frisco, Texas 75035",(414) 426-8649,Kline Hardin Architects,"1921 SH 121, Suite 250, Lewisville, TX, Lewisville, Texas 75056",(972) 331-5699,https://www.tdlr.texas.gov/TABS/Search/Project/TABS2026026759,
"3214 Little Elm, TX - E University Dr",TABS2026026744,FedEx Office,"26565 E University Dr., Suite 600, Little Elm, TX 76227",Denton,12/7/2026,1/29/2027,"$257,809",Renovation/Alteration,"This project is privately funded, on private land for private use.","1,628 SF; tenant finish out of a new FedEx Office including new accessible restrooms and client specific fixtures and equipment.","1,628 ft 2","Little Elm 380 Plaza, LLC","312 Fisk Lane, McKinney, Texas 75072",(609) 401-9382,idGroup,"2641 Irving Blvd, Dallas, Texas 75207",(214) 638-6800,https://www.tdlr.texas.gov/TABS/Search/Project/TABS2026026744,FedEx Office
